start_time,end_time,o,h,l,c
2021-02-05 17:40:00,2021-02-05 21:40:00,37861.14,37950.0,37230.0,37745.1
2021-02-05 21:40:00,2021-02-06 01:40:00,37745.1,39482.18,37652.79,39371.5
2021-02-06 01:40:00,2021-02-06 05:40:00,39372.8,39666.0,38275.86,38950.89
2021-02-06 05:40:00,2021-02-06 09:40:00,38950.88,39888.0,38876.84,39681.5
2021-02-06 09:40:00,2021-02-06 13:40:00,39681.5,40479.86,39516.17,40174.09
2021-02-06 13:40:00,2021-02-06 17:40:00,40174.13,40955.51,40090.0,40462.83
2021-02-06 17:40:00,2021-02-06 21:40:00,40462.83,40650.0,39572.74,40155.81
2021-02-06 21:40:00,2021-02-07 01:40:00,40155.81,40469.19,38701.0,39373.07
2021-02-07 01:40:00,2021-02-07 05:40:00,39373.07,39374.6,37923.0,38454.99
2021-02-07 05:40:00,2021-02-07 09:40:00,38454.99,39584.92,38282.44,39530.75
2021-02-07 09:40:00,2021-02-07 13:40:00,39530.75,39700.0,38405.0,38487.53
2021-02-07 17:40:00,2021-02-07 21:40:00,38052.92,38600.0,37660.97,38569.04
2021-02-07 21:40:00,2021-02-08 01:40:00,38569.04,39130.0,38285.1,38544.4
2021-02-08 01:40:00,2021-02-08 05:40:00,38544.39,38772.0,37988.89,38688.56
2021-02-08 13:40:00,2021-02-08 17:40:00,43976.67,44342.17,42521.62,43050.09
2021-02-08 17:40:00,2021-02-08 21:40:00,43045.09,44625.0,42554.71,44246.0
2021-02-08 21:40:00,2021-02-09 01:40:00,44245.99,47498.0,44200.02,46134.89
2021-02-09 01:40:00,2021-02-09 05:40:00,46136.63,47041.92,45500.0,46474.54
2021-02-09 05:40:00,2021-02-09 09:40:00,46471.0,48142.19,46126.0,46348.12
2021-02-09 09:40:00,2021-02-09 13:40:00,46348.12,46806.41,44961.09,45694.63
2021-02-09 13:40:00,2021-02-09 17:40:00,45694.63,47110.72,45612.76,46313.92
2021-02-09 17:40:00,2021-02-09 21:40:00,46313.91,47499.43,46219.9,47219.98
2021-02-09 21:40:00,2021-02-10 01:40:00,47219.99,47323.7,45979.58,46186.5
2021-02-10 01:40:00,2021-02-10 05:40:00,46186.5,46800.0,45589.98,46231.24
2021-02-10 05:40:00,2021-02-10 09:40:00,46229.81,46944.07,46039.06,46763.72
2021-02-10 09:40:00,2021-02-10 13:40:00,46763.72,47310.0,44500.0,45749.97
2021-02-10 13:40:00,2021-02-10 17:40:00,45750.0,45988.2,43727.0,44876.15
2021-02-10 17:40:00,2021-02-10 21:40:00,44876.16,45240.7,44355.0,44817.65
2021-02-10 21:40:00,2021-02-11 01:40:00,44817.66,45322.09,43994.02,44421.6
2021-02-11 01:40:00,2021-02-11 05:40:00,44421.6,44999.0,44172.57,44797.23
2021-02-14 09:40:00,2021-02-14 13:40:00,48966.77,49707.43,48750.59,49140.58
2021-02-14 13:40:00,2021-02-14 17:40:00,49140.58,49140.58,48101.38,48880.18
2021-02-14 17:40:00,2021-02-14 21:40:00,48880.19,49058.74,48400.31,48843.91
2021-02-14 21:40:00,2021-02-15 01:40:00,48843.9,49300.0,47700.0,48041.85
2021-02-15 01:40:00,2021-02-15 05:40:00,48039.73,48213.83,45570.79,46584.45
2021-02-15 05:40:00,2021-02-15 09:40:00,46584.97,47772.0,46520.0,47222.68
2021-02-15 09:40:00,2021-02-15 13:40:00,47222.69,48219.23,47222.64,47885.84
2021-02-15 13:40:00,2021-02-15 17:40:00,47885.84,48800.0,47472.92,48632.57
2021-02-15 17:40:00,2021-02-15 21:40:00,48632.57,48801.0,48212.89,48533.75
2021-02-15 21:40:00,2021-02-16 01:40:00,48533.74,48570.0,47003.62,48039.48
2021-02-16 01:40:00,2021-02-16 05:40:00,48039.48,49998.0,48002.92,49167.23
2021-02-19 05:40:00,2021-02-19 09:40:00,51464.46,52965.31,51334.32,52779.91
2021-02-19 13:40:00,2021-02-19 17:40:00,52695.14,54850.0,52521.0,54499.07
2021-02-19 17:40:00,2021-02-19 21:40:00,54499.06,56368.0,54444.72,56163.42
2021-02-19 21:40:00,2021-02-20 01:40:00,56163.42,56609.14,55130.0,56287.47
2021-02-20 01:40:00,2021-02-20 05:40:00,56292.5,56395.0,55481.38,55773.03
2021-02-22 17:40:00,2021-02-22 21:40:00,52610.26,54519.38,51570.0,54448.64
2021-02-22 21:40:00,2021-02-23 01:40:00,54439.37,54989.46,52632.58,52970.03
2021-04-18 21:40:00,2021-04-19 01:40:00,55924.7,57099.91,55537.48,56865.78
2021-04-19 01:40:00,2021-04-19 05:40:00,56865.78,57291.0,56410.68,56671.08
2021-04-19 05:40:00,2021-04-19 09:40:00,56671.08,57526.81,56500.0,56989.18
2021-04-19 09:40:00,2021-04-19 13:40:00,56989.17,57323.99,56002.56,56585.68
2021-04-19 13:40:00,2021-04-19 17:40:00,56585.68,56783.36,54221.58,55355.29
2021-04-19 17:40:00,2021-04-19 21:40:00,55355.26,56410.0,55132.54,56094.99
2021-04-19 21:40:00,2021-04-20 01:40:00,56095.0,56600.0,54328.78,54741.85
2021-04-20 01:40:00,2021-04-20 05:40:00,54741.86,55486.31,54237.04,54840.27
2021-04-20 05:40:00,2021-04-20 09:40:00,54840.28,55433.4,53329.96,54934.98
2021-04-20 09:40:00,2021-04-20 13:40:00,54934.98,56419.13,54781.59,56082.14
2021-04-20 13:40:00,2021-04-20 17:40:00,56082.14,56455.93,54649.58,55672.86
2021-04-20 17:40:00,2021-04-20 21:40:00,55672.85,57076.24,55671.76,56600.34
2021-04-20 21:40:00,2021-04-21 01:40:00,56600.34,57050.0,55332.96,55848.75
2021-04-21 01:40:00,2021-04-21 05:40:00,55848.75,56300.0,54968.69,55276.98
2021-04-21 05:40:00,2021-04-21 09:40:00,55276.98,55822.77,54757.63,55533.0
2021-04-21 09:40:00,2021-04-21 13:40:00,55533.01,55712.0,54276.85,55506.96
2021-04-21 13:40:00,2021-04-21 17:40:00,55506.97,56346.7,55217.22,55469.0
2021-04-21 17:40:00,2021-04-21 21:40:00,55469.0,55738.14,54678.82,55019.15
2021-04-21 21:40:00,2021-04-22 01:40:00,55019.28,55030.0,53200.0,54293.42
2021-04-22 01:40:00,2021-04-22 05:40:00,54293.03,54461.69,52561.0,54216.3
2021-04-22 05:40:00,2021-04-22 09:40:00,54216.3,54850.0,53080.0,54031.89
2021-04-22 09:40:00,2021-04-22 13:40:00,54031.89,55521.48,53879.07,55064.34
2021-04-22 13:40:00,2021-04-22 17:40:00,55064.33,55166.19,54026.97,54030.86
2021-04-22 17:40:00,2021-04-22 21:40:00,54030.86,54147.17,50500.0,51866.47
2021-04-22 21:40:00,2021-04-23 01:40:00,51850.01,52234.74,50800.0,50800.0
2021-04-23 01:40:00,2021-04-23 05:40:00,50800.42,51427.93,48443.01,49678.41
2021-04-23 05:40:00,2021-04-23 09:40:00,49678.41,49937.27,47500.0,48008.25
2021-04-23 09:40:00,2021-04-23 13:40:00,48005.95,50300.0,47842.61,48756.66
2021-04-23 13:40:00,2021-04-23 17:40:00,48757.92,50126.48,48541.0,49650.0
2021-04-23 17:40:00,2021-04-23 21:40:00,49650.01,51301.34,49620.02,50687.95
2021-04-23 21:40:00,2021-04-24 01:40:00,50687.95,51166.22,49560.0,49752.74
2021-04-24 01:40:00,2021-04-24 05:40:00,49752.23,50631.16,49304.06,50401.15
2021-04-24 05:40:00,2021-04-24 09:40:00,50401.14,50544.86,49424.0,49698.17
2021-04-24 09:40:00,2021-04-24 13:40:00,49698.18,49800.0,48657.14,49571.55
2021-04-24 13:40:00,2021-04-24 17:40:00,49571.54,50360.63,48900.0,50078.07
2021-04-24 17:40:00,2021-04-24 21:40:00,50078.05,51000.0,49951.97,50899.02
2021-04-24 21:40:00,2021-04-25 01:40:00,50899.02,51000.0,49716.41,50100.01
2021-05-27 01:40:00,2021-05-27 05:40:00,38255.94,38300.68,37134.27,37605.99
2021-05-27 05:40:00,2021-05-27 09:40:00,37601.26,39495.69,37577.23,39157.14
2021-05-27 09:40:00,2021-05-27 13:40:00,39157.14,40411.14,38963.42,40109.98
2021-05-27 13:40:00,2021-05-27 17:40:00,40109.98,40355.57,38691.0,39053.91
2021-05-27 17:40:00,2021-05-27 21:40:00,39053.91,39250.0,38195.19,39150.0
2021-05-27 21:40:00,2021-05-28 01:40:00,39150.0,39150.0,37687.77,38222.36
2021-05-28 01:40:00,2021-05-28 05:40:00,38222.35,38416.74,37219.19,37307.57
2021-05-28 05:40:00,2021-05-28 09:40:00,37305.34,37382.68,35360.0,35862.59
2021-05-28 09:40:00,2021-05-28 13:40:00,35860.35,37279.98,35100.0,36920.02
2021-05-28 13:40:00,2021-05-28 17:40:00,36920.02,37160.0,35650.22,36029.14
2021-05-28 17:40:00,2021-05-28 21:40:00,36029.14,36570.0,34684.0,34974.77
2021-05-28 21:40:00,2021-05-29 01:40:00,34974.86,36500.0,34729.64,36350.0
2021-05-29 01:40:00,2021-05-29 05:40:00,36350.0,37338.58,35604.3,37062.32
2021-05-29 05:40:00,2021-05-29 09:40:00,37062.32,37086.1,34854.79,35310.0
2021-05-29 09:40:00,2021-05-29 13:40:00,35309.54,35850.0,34125.68,34357.22
2021-05-29 13:40:00,2021-05-29 17:40:00,34355.98,35300.0,33800.0,34283.24
2021-05-29 17:40:00,2021-05-29 21:40:00,34284.95,34494.93,33632.76,34414.84
2021-05-29 21:40:00,2021-05-30 01:40:00,34414.84,35100.0,33379.0,33812.01
2021-05-30 01:40:00,2021-05-30 05:40:00,33812.0,35409.18,33664.92,35208.32
2021-06-20 21:40:00,2021-06-21 01:40:00,35691.5,35790.0,35230.87,35286.33
2021-06-21 01:40:00,2021-06-21 05:40:00,35286.34,35464.84,33658.5,34180.96
2021-06-21 05:40:00,2021-06-21 09:40:00,34180.96,34600.0,32083.22,32922.62
2021-06-21 09:40:00,2021-06-21 13:40:00,32922.8,33393.4,31710.0,32513.99
2021-06-21 13:40:00,2021-06-21 17:40:00,32512.54,33222.22,32034.52,32423.51
2021-06-21 17:40:00,2021-06-21 21:40:00,32423.5,32948.31,31755.0,31925.32
2021-06-21 21:40:00,2021-06-22 01:40:00,31937.75,33021.14,31168.0,32500.91
2021-06-22 01:40:00,2021-06-22 05:40:00,32500.91,33260.0,32344.89,32528.0
2021-06-22 05:40:00,2021-06-22 09:40:00,32528.0,32900.0,31315.0,31492.04
2021-06-22 09:40:00,2021-06-22 13:40:00,31492.03,32222.22,29294.08,29511.66
2021-06-22 13:40:00,2021-06-22 17:40:00,29510.57,32818.55,28805.0,32364.61
2021-06-22 17:40:00,2021-06-22 21:40:00,32363.01,33298.78,32137.68,32429.58
2021-06-22 21:40:00,2021-06-23 01:40:00,32429.58,34444.0,31683.0,33787.97
2021-06-23 01:40:00,2021-06-23 05:40:00,33787.97,34288.0,33574.11,34151.79
2021-06-23 05:40:00,2021-06-23 09:40:00,34151.79,34392.1,33650.21,33935.72
2021-06-23 09:40:00,2021-06-23 13:40:00,33935.73,34881.0,33833.1,34172.18
2021-06-23 13:40:00,2021-06-23 17:40:00,34172.18,34248.71,33211.0,33559.85
2021-06-23 17:40:00,2021-06-23 21:40:00,33559.85,33785.26,32749.01,33244.33
2021-06-23 21:40:00,2021-06-24 01:40:00,33244.33,33879.99,32802.0,32828.0
2021-07-02 13:40:00,2021-07-02 17:40:00,33313.39,33795.16,33288.58,33535.87
2021-07-02 17:40:00,2021-07-02 21:40:00,33535.87,33578.3,33041.65,33437.06
2021-07-02 21:40:00,2021-07-03 01:40:00,33437.06,33914.6,33400.0,33684.7
2021-07-03 01:40:00,2021-07-03 05:40:00,33684.7,33760.0,33316.73,33732.01
2021-07-03 05:40:00,2021-07-03 09:40:00,33732.0,34780.0,33590.04,34581.61
2021-07-03 09:40:00,2021-07-03 13:40:00,34581.6,34816.5,34435.53,34582.75
2021-07-03 13:40:00,2021-07-03 17:40:00,34582.75,34760.0,34485.49,34698.4
2021-07-03 17:40:00,2021-07-03 21:40:00,34698.4,34945.61,34560.92,34770.48
2021-07-03 21:40:00,2021-07-04 01:40:00,34770.48,34914.76,34250.48,34489.77
2021-07-04 01:40:00,2021-07-04 05:40:00,34489.78,34872.25,34400.3,34841.99
2021-07-04 05:40:00,2021-07-04 09:40:00,34841.99,35727.0,34825.21,35423.79
2021-07-04 09:40:00,2021-07-04 13:40:00,35423.81,35620.0,35230.76,35369.01
2021-07-04 13:40:00,2021-07-04 17:40:00,35369.01,35687.54,35300.0,35540.75
2021-07-04 17:40:00,2021-07-04 21:40:00,35540.75,35886.0,35385.0,35782.71
2021-07-04 21:40:00,2021-07-05 01:40:00,35782.71,35967.85,34512.94,34643.58
2021-07-05 01:40:00,2021-07-05 05:40:00,34643.58,34699.35,34000.0,34197.35
2021-07-05 05:40:00,2021-07-05 09:40:00,34197.34,34438.23,34055.66,34305.83
2021-07-05 09:40:00,2021-07-05 13:40:00,34305.83,34558.99,33300.0,33629.15
2021-07-05 13:40:00,2021-07-05 17:40:00,33629.14,33777.0,33362.05,33387.06
2021-07-05 17:40:00,2021-07-05 21:40:00,33387.06,34274.33,33125.55,34088.58
2021-07-05 21:40:00,2021-07-06 01:40:00,34088.58,34210.0,33634.76,33877.33
2021-07-06 01:40:00,2021-07-06 05:40:00,33877.34,34850.0,33700.37,34831.51
2021-07-17 13:40:00,2021-07-17 17:40:00,31400.8,31870.43,31400.79,31657.32
2021-07-17 17:40:00,2021-07-17 21:40:00,31657.32,31920.0,31635.03,31813.38
2021-07-17 21:40:00,2021-07-18 01:40:00,31813.38,32435.0,31463.0,32282.36
2021-07-18 01:40:00,2021-07-18 05:40:00,32282.36,32295.77,32041.06,32069.57
2021-07-18 05:40:00,2021-07-18 09:40:00,32069.57,32106.75,31653.0,31776.25
2021-07-18 09:40:00,2021-07-18 13:40:00,31776.25,31868.53,31565.58,31690.39
2021-07-18 13:40:00,2021-07-18 17:40:00,31690.39,31750.0,31108.97,31505.75
2021-07-18 17:40:00,2021-07-18 21:40:00,31505.77,31763.11,31485.67,31658.94
2021-07-18 21:40:00,2021-07-19 01:40:00,31658.94,31943.0,31420.0,31492.96
2021-07-19 01:40:00,2021-07-19 05:40:00,31492.96,31790.89,31451.0,31691.46
2021-07-19 05:40:00,2021-07-19 09:40:00,31691.46,31899.0,31341.97,31457.67
2021-07-19 09:40:00,2021-07-19 13:40:00,31457.68,31466.66,30585.65,30673.09
2021-07-19 13:40:00,2021-07-19 17:40:00,30671.47,30980.0,30407.44,30803.67
2021-07-19 17:40:00,2021-07-19 21:40:00,30803.67,30886.19,30520.01,30781.24
2021-07-19 21:40:00,2021-07-20 01:40:00,30781.23,31063.07,30535.0,30657.84
2021-07-20 01:40:00,2021-07-20 05:40:00,30657.84,30695.11,29501.0,29652.37
2021-07-20 05:40:00,2021-07-20 09:40:00,29652.37,29888.18,29620.3,29688.05
2021-07-20 09:40:00,2021-07-20 13:40:00,29688.06,29789.41,29278.0,29473.53
2021-07-20 13:40:00,2021-07-20 17:40:00,29473.52,29988.0,29279.13,29668.14
2021-07-21 09:40:00,2021-07-21 13:40:00,30899.11,31720.0,30844.12,31559.99
2021-07-21 13:40:00,2021-07-21 17:40:00,31559.99,32428.57,31442.24,32051.17
2021-07-21 17:40:00,2021-07-21 21:40:00,32051.16,32858.0,31516.3,31959.22
2021-07-21 21:40:00,2021-07-22 01:40:00,31960.78,32376.78,31800.0,31953.8
2021-07-22 01:40:00,2021-07-22 05:40:00,31953.79,32213.0,31777.0,31977.48
2021-07-22 05:40:00,2021-07-22 09:40:00,31977.48,32344.9,31753.23,31809.17
2021-07-22 09:40:00,2021-07-22 13:40:00,31809.17,32247.99,31708.0,32094.17
2021-07-22 13:40:00,2021-07-22 17:40:00,32094.17,32591.35,31975.03,32387.59
2021-07-22 17:40:00,2021-07-22 21:40:00,32387.59,32436.31,32201.0,32294.99
2021-07-22 21:40:00,2021-07-23 01:40:00,32294.99,32700.0,32051.85,32627.05
2021-07-23 01:40:00,2021-07-23 05:40:00,32627.04,32915.0,32485.35,32754.2
2021-07-23 05:40:00,2021-07-23 09:40:00,32754.2,32760.74,32266.0,32397.39
2021-07-23 09:40:00,2021-07-23 13:40:00,32397.39,32495.0,32210.0,32432.91
2021-07-23 13:40:00,2021-07-23 17:40:00,32435.82,32599.86,31924.32,32165.4
2021-07-23 17:40:00,2021-07-23 21:40:00,32165.41,32630.11,32061.16,32587.9
2021-07-23 21:40:00,2021-07-24 01:40:00,32587.91,33777.0,32573.7,33469.34
2021-07-24 01:40:00,2021-07-24 05:40:00,33465.65,33845.41,33461.79,33674.59
2021-07-24 05:40:00,2021-07-24 09:40:00,33674.58,33934.25,33542.4,33743.11
2021-07-24 09:40:00,2021-07-24 13:40:00,33742.0,34065.71,33680.0,33866.02
2021-07-24 13:40:00,2021-07-24 17:40:00,33866.01,34500.0,33720.01,34308.98
2021-07-24 17:40:00,2021-07-24 21:40:00,34308.98,34404.75,33667.01,33919.99
2021-07-24 21:40:00,2021-07-25 01:40:00,33920.0,34436.44,33840.3,34003.18
2021-07-25 01:40:00,2021-07-25 05:40:00,34003.18,34600.0,33851.12,34332.36
2021-07-25 05:40:00,2021-07-25 09:40:00,34332.36,34800.0,34270.03,34453.85
2021-07-25 09:40:00,2021-07-25 13:40:00,34453.85,34580.76,34035.0,34098.16
2021-07-25 13:40:00,2021-07-25 17:40:00,34098.16,34449.41,33862.45,34397.43
2021-07-25 17:40:00,2021-07-25 21:40:00,34397.3,34600.0,34185.23,34540.89
2021-07-25 21:40:00,2021-07-26 01:40:00,34540.89,39799.97,34451.51,38390.19
2021-07-26 01:40:00,2021-07-26 05:40:00,38390.59,38827.12,37844.72,38422.86
2021-07-26 05:40:00,2021-07-26 09:40:00,38422.86,39265.17,37661.7,38225.27
2021-07-26 09:40:00,2021-07-26 13:40:00,38226.57,38880.0,37902.0,38295.35
2021-07-26 13:40:00,2021-07-26 17:40:00,38295.35,39484.0,38157.4,39318.75
2021-07-26 17:40:00,2021-07-26 21:40:00,39318.75,40550.0,36889.01,36900.0
2021-07-26 21:40:00,2021-07-27 01:40:00,36899.99,37745.0,36751.14,36809.34
2021-07-27 01:40:00,2021-07-27 05:40:00,36814.6,37213.48,36383.0,37082.54
2021-07-27 05:40:00,2021-07-27 09:40:00,37082.53,37450.0,36929.41,37353.7
2021-07-27 09:40:00,2021-07-27 13:40:00,37353.69,38749.98,37260.1,38724.28
2021-07-27 13:40:00,2021-07-27 17:40:00,38724.28,38771.91,37566.12,37780.01
2021-07-27 17:40:00,2021-07-27 21:40:00,37780.0,38468.1,37350.0,38382.02
2021-07-27 21:40:00,2021-07-28 01:40:00,38382.03,39562.23,38123.79,39369.99
2021-07-28 01:40:00,2021-07-28 05:40:00,39369.98,40350.0,39341.16,40036.5
2021-07-28 05:40:00,2021-07-28 09:40:00,40036.51,40183.67,39226.76,39732.65
2021-07-28 09:40:00,2021-07-28 13:40:00,39732.65,40900.0,39429.17,39707.74
2021-07-28 13:40:00,2021-07-28 17:40:00,39707.73,40247.99,39155.26,39335.91
2021-07-28 17:40:00,2021-07-28 21:40:00,39335.9,40680.07,38772.0,40074.16
2021-07-28 21:40:00,2021-07-29 01:40:00,40074.15,40278.48,39200.0,39601.28
2021-07-29 01:40:00,2021-07-29 05:40:00,39601.28,40115.53,39485.11,40012.57
2021-07-29 05:40:00,2021-07-29 09:40:00,40012.58,40270.53,39676.04,40182.6
2021-07-29 09:40:00,2021-07-29 13:40:00,40182.6,40640.0,39450.0,39792.85
2021-07-29 13:40:00,2021-07-29 17:40:00,39792.85,40177.0,39630.17,39668.77
2021-07-29 17:40:00,2021-07-29 21:40:00,39668.78,39928.94,39390.0,39576.27
2021-07-29 21:40:00,2021-07-30 01:40:00,39576.28,40419.3,39500.0,39996.41
2021-07-30 01:40:00,2021-07-30 05:40:00,39996.42,40250.0,39615.0,39768.44
2021-07-30 05:40:00,2021-07-30 09:40:00,39770.21,39882.97,38313.23,38481.93
2021-07-30 09:40:00,2021-07-30 13:40:00,38481.94,38971.65,38452.97,38901.01
2021-07-30 13:40:00,2021-07-30 17:40:00,38901.01,39201.97,38831.23,38994.98
2021-07-30 17:40:00,2021-07-30 21:40:00,38994.98,41600.0,38877.59,41342.04
2021-07-30 21:40:00,2021-07-31 01:40:00,41342.05,42448.0,40908.6,41884.01
2021-07-31 01:40:00,2021-07-31 05:40:00,41884.01,42199.24,41181.0,41451.26
2021-08-05 05:40:00,2021-08-05 09:40:00,39381.31,39393.36,37993.58,38016.36
2021-08-05 09:40:00,2021-08-05 13:40:00,38016.99,38252.14,37332.7,37867.15
2021-08-05 13:40:00,2021-08-05 17:40:00,37867.15,40378.83,37700.28,40288.06
2021-08-05 17:40:00,2021-08-05 21:40:00,40288.05,41350.0,40229.39,41041.62
2021-08-05 21:40:00,2021-08-06 01:40:00,41041.62,41142.95,39900.39,40353.82
2021-08-06 01:40:00,2021-08-06 05:40:00,40353.82,40749.28,39853.86,40398.73
2021-08-06 05:40:00,2021-08-06 09:40:00,40398.73,41199.99,40375.77,40678.55
2021-08-06 09:40:00,2021-08-06 13:40:00,40678.97,41065.45,40300.0,40929.99
2021-08-06 13:40:00,2021-08-06 17:40:00,40929.99,43210.52,40649.89,42856.89
2021-08-06 17:40:00,2021-08-06 21:40:00,42856.83,43392.43,42450.0,42669.33
2021-08-06 21:40:00,2021-08-07 01:40:00,42669.33,43278.0,42393.02,43100.05
2021-08-07 01:40:00,2021-08-07 05:40:00,43100.04,43930.4,42980.89,43530.95
2021-08-07 05:40:00,2021-08-07 09:40:00,43530.95,43786.55,43040.0,43731.81
2021-08-07 09:40:00,2021-08-07 13:40:00,43731.81,44555.0,43000.0,43543.28
2021-08-07 13:40:00,2021-08-07 17:40:00,43543.28,43765.08,42446.41,43336.59
2021-08-07 17:40:00,2021-08-07 21:40:00,43336.58,44348.09,43245.59,44145.44
2021-08-07 21:40:00,2021-08-08 01:40:00,44145.44,44776.0,43470.0,43943.01
2021-08-08 01:40:00,2021-08-08 05:40:00,43943.02,44650.0,43785.0,44628.87
2021-08-08 05:40:00,2021-08-08 09:40:00,44628.86,45310.0,44405.69,44745.27
2021-08-08 09:40:00,2021-08-08 13:40:00,44745.26,45198.27,44071.82,44752.88
2021-08-08 13:40:00,2021-08-08 17:40:00,44752.88,44854.47,43519.51,43853.72
2021-08-08 17:40:00,2021-08-08 21:40:00,43853.73,44270.0,43261.0,44111.46
2021-08-08 21:40:00,2021-08-09 01:40:00,44114.52,44581.0,42779.0,43256.89
2021-08-09 01:40:00,2021-08-09 05:40:00,43256.9,43734.02,43025.0,43500.0
2021-08-09 05:40:00,2021-08-09 09:40:00,43500.01,44750.0,43263.21,44659.06
2021-08-09 09:40:00,2021-08-09 13:40:00,44659.06,46048.5,44573.32,45862.64
2021-08-09 13:40:00,2021-08-09 17:40:00,45862.63,46250.0,45254.11,45827.76
2021-08-09 17:40:00,2021-08-09 21:40:00,45827.76,46454.15,44900.0,45790.44
2021-08-09 21:40:00,2021-08-10 01:40:00,45790.44,46700.0,45635.34,45966.13
2021-08-10 01:40:00,2021-08-10 05:40:00,45966.12,46123.34,45407.22,45682.42
2021-08-14 13:40:00,2021-08-14 17:40:00,46419.99,46985.19,46350.0,46809.69
2021-08-14 17:40:00,2021-08-14 21:40:00,46809.69,47374.67,46331.28,46971.9
2021-08-14 21:40:00,2021-08-15 01:40:00,46971.9,47372.27,46827.25,47227.99
2021-08-15 01:40:00,2021-08-15 05:40:00,47228.0,47329.92,46450.0,46707.54
2021-08-15 05:40:00,2021-08-15 09:40:00,46707.54,46773.13,45519.0,45949.87
2021-08-15 09:40:00,2021-08-15 13:40:00,45949.87,46167.26,45650.16,45788.34
2021-08-15 13:40:00,2021-08-15 17:40:00,45788.35,46498.89,45500.0,45906.15
2021-08-15 17:40:00,2021-08-15 21:40:00,45906.14,46900.0,45835.76,46663.47
2021-08-15 21:40:00,2021-08-16 01:40:00,46663.47,47800.0,46657.01,47609.06
2021-08-16 01:40:00,2021-08-16 05:40:00,47609.07,48053.83,47291.44,47449.06
2021-08-16 05:40:00,2021-08-16 09:40:00,47449.05,47719.3,47000.0,47111.25
2021-08-16 09:40:00,2021-08-16 13:40:00,47111.25,47709.12,46570.0,46682.15
2021-08-16 13:40:00,2021-08-16 17:40:00,46680.0,46700.0,45951.73,46310.3
2021-08-16 17:40:00,2021-08-16 21:40:00,46310.29,46666.0,45660.0,46181.04
2021-08-16 21:40:00,2021-08-17 01:40:00,46181.04,46337.62,45239.45,46199.99
2021-08-17 01:40:00,2021-08-17 05:40:00,46199.99,46620.0,46030.01,46317.8
2021-08-17 05:40:00,2021-08-17 09:40:00,46317.8,46842.16,45636.97,46684.99
2021-08-17 09:40:00,2021-08-17 13:40:00,46684.98,47160.0,46280.0,46496.11
2021-08-17 13:40:00,2021-08-17 17:40:00,46496.12,46581.0,45532.33,45857.29
2021-08-17 17:40:00,2021-08-17 21:40:00,45859.41,46222.4,44537.03,44930.82
2021-08-17 21:40:00,2021-08-18 01:40:00,44930.83,45031.56,44203.28,44844.83
2021-08-18 01:40:00,2021-08-18 05:40:00,44844.83,45371.5,44278.18,45299.03
2021-08-18 05:40:00,2021-08-18 09:40:00,45299.04,45500.0,44853.8,45364.65
2021-08-18 09:40:00,2021-08-18 13:40:00,45364.65,45560.0,44650.0,45192.6
2021-08-18 13:40:00,2021-08-18 17:40:00,45192.61,45969.99,45086.59,45777.8
2021-08-18 17:40:00,2021-08-18 21:40:00,45777.8,46000.0,44401.0,44558.26
2021-08-18 21:40:00,2021-08-19 01:40:00,44558.25,45192.89,44480.58,45149.84
2021-08-19 01:40:00,2021-08-19 05:40:00,45149.84,45234.56,43927.7,44381.35
2021-08-19 05:40:00,2021-08-19 09:40:00,44381.35,45000.0,44207.48,44725.86
2021-08-19 09:40:00,2021-08-19 13:40:00,44725.86,44866.14,44123.65,44683.05
2021-08-19 13:40:00,2021-08-19 17:40:00,44683.05,45951.33,44631.0,45706.01
2021-08-19 17:40:00,2021-08-19 21:40:00,45706.01,46877.1,45612.95,46600.01
2021-08-19 21:40:00,2021-08-20 01:40:00,46600.01,47390.0,46340.12,47215.79
2021-08-20 01:40:00,2021-08-20 05:40:00,47215.79,47309.92,46827.0,47090.21
2021-08-20 05:40:00,2021-08-20 09:40:00,47090.2,47273.4,46700.24,47250.0
2021-08-20 09:40:00,2021-08-20 13:40:00,47250.0,47646.73,46865.74,47553.48
2021-08-20 13:40:00,2021-08-20 17:40:00,47553.49,49096.34,47513.0,48605.87
2021-08-20 17:40:00,2021-08-20 21:40:00,48605.87,48850.0,48289.43,48847.79
2021-08-20 21:40:00,2021-08-21 01:40:00,48847.8,49382.99,48713.5,48854.59
2021-08-21 01:40:00,2021-08-21 05:40:00,48854.59,49100.0,48555.0,48821.32
2021-08-21 05:40:00,2021-08-21 09:40:00,48821.32,49104.82,48600.0,48774.95
2021-08-21 09:40:00,2021-08-21 13:40:00,48774.94,49405.52,48222.0,49170.86
2021-08-21 13:40:00,2021-08-21 17:40:00,49170.86,49697.8,48926.92,49600.48
2021-08-23 17:40:00,2021-08-23 21:40:00,49490.64,49625.33,49029.0,49533.79
2021-08-23 21:40:00,2021-08-24 01:40:00,49533.8,49739.37,48776.26,49064.49
2021-08-24 01:40:00,2021-08-24 05:40:00,49064.48,49571.55,48927.76,49537.51
2021-08-24 05:40:00,2021-08-24 09:40:00,49537.5,49860.0,49483.85,49685.85
2021-08-24 09:40:00,2021-08-24 13:40:00,49685.85,49846.0,48466.27,48515.11
2021-08-24 13:40:00,2021-08-24 17:40:00,48515.11,48719.12,47749.1,48178.68
2021-08-24 17:40:00,2021-08-24 21:40:00,48178.67,48422.12,47800.0,48235.04
2021-08-24 21:40:00,2021-08-25 01:40:00,48235.04,48404.19,47600.0,47946.0
2021-08-25 01:40:00,2021-08-25 05:40:00,47945.99,48365.0,47886.12,48358.29
2021-08-25 05:40:00,2021-08-25 09:40:00,48358.29,48603.84,47155.0,47241.45
2021-08-25 09:40:00,2021-08-25 13:40:00,47241.46,47899.99,47126.28,47822.42
2021-08-25 13:40:00,2021-08-25 17:40:00,47822.42,49062.2,47324.99,48992.28
2021-08-25 17:40:00,2021-08-25 21:40:00,48995.63,49172.58,48536.95,48899.4
2021-08-25 21:40:00,2021-08-26 01:40:00,48899.4,49352.84,48807.97,48904.97
2021-08-26 01:40:00,2021-08-26 05:40:00,48904.97,48949.99,47022.27,47129.95
2021-08-26 05:40:00,2021-08-26 09:40:00,47129.96,47289.62,46560.01,46887.28
2021-08-26 09:40:00,2021-08-26 13:40:00,46887.27,47431.17,46250.0,47185.78
2021-08-26 13:40:00,2021-08-26 17:40:00,47185.79,47420.0,46485.16,46906.9
2021-08-26 17:40:00,2021-08-26 21:40:00,46906.9,47300.0,46731.0,47164.74
2021-08-26 21:40:00,2021-08-27 01:40:00,47164.75,47665.48,46348.0,47481.54
2021-08-27 01:40:00,2021-08-27 05:40:00,47481.55,47516.99,46572.36,47142.51
2021-09-10 09:40:00,2021-09-10 13:40:00,46253.33,46494.99,45600.0,45841.86
2021-09-10 13:40:00,2021-09-10 17:40:00,45841.85,46106.75,44738.9,45585.84
2021-09-10 17:40:00,2021-09-10 21:40:00,45585.85,45831.0,44560.0,44761.02
2021-09-10 21:40:00,2021-09-11 01:40:00,44761.02,45479.83,44132.29,45382.03
2021-09-11 01:40:00,2021-09-11 05:40:00,45382.03,45498.27,44870.29,45153.26
2021-10-18 17:40:00,2021-10-18 21:40:00,61987.71,62093.03,61034.05,61849.98
2021-10-18 21:40:00,2021-10-19 01:40:00,61849.98,62337.04,61526.62,61916.86
2021-10-19 01:40:00,2021-10-19 05:40:00,61916.19,62998.0,61678.85,62478.96
2021-10-19 05:40:00,2021-10-19 09:40:00,62478.95,62574.42,61743.61,62279.71
2021-10-19 09:40:00,2021-10-19 13:40:00,62279.72,63278.61,62000.0,62844.45
2021-10-19 13:40:00,2021-10-19 17:40:00,62844.45,63480.0,61322.22,63265.0
2021-10-19 17:40:00,2021-10-19 21:40:00,63265.0,64343.0,63081.37,64046.05
2021-10-19 21:40:00,2021-10-20 01:40:00,64043.28,64486.0,63827.99,63967.09
2021-10-20 01:40:00,2021-10-20 05:40:00,63967.09,64059.67,63534.39,63596.32
2021-10-20 05:40:00,2021-10-20 09:40:00,63596.33,64250.0,63481.4,63980.93
2021-10-20 09:40:00,2021-10-20 13:40:00,63980.92,64555.0,63697.69,64369.4
2021-10-20 13:40:00,2021-10-20 17:40:00,64369.4,67000.0,64359.25,66425.51
2021-10-20 17:40:00,2021-10-20 21:40:00,66425.47,66700.0,65662.95,65839.81
2021-10-20 21:40:00,2021-10-21 01:40:00,65839.81,66189.81,65220.51,65300.0
2021-10-21 01:40:00,2021-10-21 05:40:00,65299.99,65456.05,64062.82,64979.11
2021-10-21 05:40:00,2021-10-21 09:40:00,64979.11,66639.74,64142.01,66389.06
2021-10-21 09:40:00,2021-10-21 13:40:00,66389.06,66488.94,64175.0,65519.86
2021-10-21 13:40:00,2021-10-21 17:40:00,65519.86,65519.87,62000.0,62842.57
2021-10-21 17:40:00,2021-10-21 21:40:00,62842.56,63500.0,62350.0,62735.7
2021-10-21 21:40:00,2021-10-22 01:40:00,62745.36,63109.0,62000.0,62922.12
2021-10-22 01:40:00,2021-10-22 05:40:00,62922.12,63351.02,62520.0,62934.97
2021-10-22 05:40:00,2021-10-22 09:40:00,62934.97,63732.39,62464.6,63228.63
2021-10-22 09:40:00,2021-10-22 13:40:00,63228.63,63709.5,62874.71,63299.99
2021-10-22 13:40:00,2021-10-22 17:40:00,63300.0,63319.99,60000.0,60822.99
2021-10-22 17:40:00,2021-10-22 21:40:00,60822.99,61240.0,60213.63,60651.19
2021-10-22 21:40:00,2021-10-23 01:40:00,60651.2,61239.55,60129.63,60927.9
2021-10-23 01:40:00,2021-10-23 05:40:00,60927.91,61567.11,60855.76,61047.98
2021-10-23 05:40:00,2021-10-23 09:40:00,61047.98,61150.0,60313.0,60509.8
2021-10-23 09:40:00,2021-10-23 13:40:00,60509.79,61747.64,59562.15,61415.44
2021-10-23 13:40:00,2021-10-23 17:40:00,61415.45,61632.29,60710.36,61017.21
2021-10-23 17:40:00,2021-10-23 21:40:00,61017.21,61409.56,60817.46,60978.02
2021-10-23 21:40:00,2021-10-24 01:40:00,60978.01,61500.0,60918.91,61034.28
2021-10-24 01:40:00,2021-10-24 05:40:00,61034.28,61289.9,60820.0,61020.0
2021-10-27 13:40:00,2021-10-27 17:40:00,59100.02,59449.0,58547.38,58966.16
2021-10-27 17:40:00,2021-10-27 21:40:00,58966.16,59587.35,58101.0,58940.0
2021-10-27 21:40:00,2021-10-28 01:40:00,58940.0,59085.7,58075.62,58682.78
2021-10-28 01:40:00,2021-10-28 05:40:00,58682.78,59220.31,58559.03,59058.0
2021-10-28 05:40:00,2021-10-28 09:40:00,59058.0,60808.49,58700.0,60487.55
2021-10-28 09:40:00,2021-10-28 13:40:00,60487.55,61800.0,60480.26,61535.2
2021-10-28 13:40:00,2021-10-28 17:40:00,61535.21,61657.26,60813.95,61026.98
2021-10-28 17:40:00,2021-10-28 21:40:00,61026.99,62499.0,57820.0,60773.36
2021-10-28 21:40:00,2021-10-29 01:40:00,60773.36,62100.0,60174.81,61703.79
2021-10-29 01:40:00,2021-10-29 05:40:00,61703.79,61831.82,60780.35,61018.51
2021-10-29 05:40:00,2021-10-29 09:40:00,61018.51,61426.54,60350.44,60946.42
2021-10-29 09:40:00,2021-10-29 13:40:00,60946.42,61529.6,60499.0,61226.9
2021-10-29 13:40:00,2021-10-29 17:40:00,61226.9,62980.0,61000.0,62545.71
2021-10-29 17:40:00,2021-10-29 21:40:00,62545.7,62718.87,61905.55,62317.81
2021-10-29 21:40:00,2021-10-30 01:40:00,62317.06,62499.99,61719.78,61984.34
2021-10-30 01:40:00,2021-10-30 05:40:00,61984.34,62139.11,61272.15,61636.15
2021-11-04 09:40:00,2021-11-04 13:40:00,61550.98,61986.37,61230.66,61766.44
2021-11-04 13:40:00,2021-11-04 17:40:00,61766.44,62370.0,60738.65,61050.0
2021-11-04 17:40:00,2021-11-04 21:40:00,61050.0,61530.27,60677.01,61346.88
2021-11-04 21:40:00,2021-11-05 01:40:00,61346.88,61499.98,60820.0,61125.67
2021-11-05 01:40:00,2021-11-05 05:40:00,61125.67,62375.0,61122.24,61913.9
2021-11-05 05:40:00,2021-11-05 09:40:00,61913.9,62595.72,61669.27,61672.13
2021-11-05 09:40:00,2021-11-05 13:40:00,61672.12,61928.37,61153.52,61775.0
2021-11-05 13:40:00,2021-11-05 17:40:00,61775.0,61896.72,60730.0,60987.03
2021-11-05 17:40:00,2021-11-05 21:40:00,60987.04,61431.29,60721.0,61120.61
2021-11-05 21:40:00,2021-11-06 01:40:00,61120.6,61324.1,60777.0,61243.08
2021-11-06 01:40:00,2021-11-06 05:40:00,61241.79,61477.08,60865.0,61341.11
2021-11-06 05:40:00,2021-11-06 09:40:00,61341.12,61560.49,60511.01,61127.11
2021-11-06 09:40:00,2021-11-06 13:40:00,61127.12,61127.12,60050.0,60469.34
2021-11-06 13:40:00,2021-11-06 17:40:00,60469.34,60876.78,60316.01,60641.22
2021-11-06 17:40:00,2021-11-06 21:40:00,60641.22,61445.55,60605.0,61349.99
2021-11-06 21:40:00,2021-11-07 01:40:00,61350.0,62328.06,61281.0,61921.81
2021-11-07 01:40:00,2021-11-07 05:40:00,61921.81,62292.31,61743.44,62018.21
2021-11-11 13:40:00,2021-11-11 17:40:00,64756.02,65474.47,64402.49,65073.15
2021-11-11 17:40:00,2021-11-11 21:40:00,65073.16,65219.59,64573.99,64877.38
2021-11-11 21:40:00,2021-11-12 01:40:00,64877.38,65309.13,64052.0,64800.61
2021-11-12 01:40:00,2021-11-12 05:40:00,64800.61,65450.7,64696.5,64832.12
2021-11-12 05:40:00,2021-11-12 09:40:00,64832.12,64957.97,63722.28,64131.16
2021-11-12 09:40:00,2021-11-12 13:40:00,64131.16,64651.38,63244.24,63792.03
2021-11-12 13:40:00,2021-11-12 17:40:00,63791.04,64200.0,62278.0,63280.79
2021-11-12 17:40:00,2021-11-12 21:40:00,63280.8,64890.0,63277.52,64237.76
2021-11-12 21:40:00,2021-11-13 01:40:00,64237.76,64455.0,63704.8,64003.02
2021-11-13 01:40:00,2021-11-13 05:40:00,64003.01,64147.09,63510.0,63616.91
2021-11-18 13:40:00,2021-11-18 17:40:00,59732.5,59750.0,56592.06,58029.53
2021-11-18 17:40:00,2021-11-18 21:40:00,58035.99,58484.94,57500.0,57752.9
2021-11-18 21:40:00,2021-11-19 01:40:00,57752.89,57793.38,56474.26,57040.94
2021-11-19 01:40:00,2021-11-19 05:40:00,57040.94,57109.16,55600.0,56331.2
2021-11-19 05:40:00,2021-11-19 09:40:00,56331.2,57487.2,55853.7,57095.77
2021-11-19 09:40:00,2021-11-19 13:40:00,57095.77,57620.65,56480.59,57600.06
2021-11-19 13:40:00,2021-11-19 17:40:00,57600.07,58320.0,57416.66,58242.24
2021-11-19 17:40:00,2021-11-19 21:40:00,58242.24,58250.0,57531.13,57755.45
2021-11-19 21:40:00,2021-11-20 01:40:00,57755.45,58835.91,57690.02,58741.73
2021-11-20 01:40:00,2021-11-20 05:40:00,58741.74,58979.97,58230.0,58531.74
2021-11-24 21:40:00,2021-11-25 01:40:00,57401.66,58270.0,56833.0,57948.48
2021-11-25 01:40:00,2021-11-25 05:40:00,57948.48,57987.97,57051.5,57098.16
2021-11-25 05:40:00,2021-11-25 09:40:00,57098.16,57925.4,57000.0,57573.5
2021-11-25 09:40:00,2021-11-25 13:40:00,57573.51,58879.99,57462.0,58705.59
2021-11-25 13:40:00,2021-11-25 17:40:00,58705.6,59390.0,58445.28,59142.57
2021-11-25 17:40:00,2021-11-25 21:40:00,59142.57,59268.28,58667.01,58786.85
2021-11-25 21:40:00,2021-11-26 01:40:00,58786.86,59398.9,58519.54,58726.37
2021-11-26 01:40:00,2021-11-26 05:40:00,58726.38,58751.9,57478.62,57745.27
2021-11-26 05:40:00,2021-11-26 09:40:00,57745.26,57920.75,54350.0,55062.13
2021-11-26 09:40:00,2021-11-26 13:40:00,55062.12,55198.75,53500.0,54251.89
2021-11-26 13:40:00,2021-11-26 17:40:00,54251.89,54878.38,54019.16,54634.77
2021-11-26 17:40:00,2021-11-26 21:40:00,54634.76,54648.93,53927.44,54346.02
2021-11-26 21:40:00,2021-11-27 01:40:00,54346.01,54641.99,53521.0,54250.37
2021-11-27 01:40:00,2021-11-27 05:40:00,54250.36,54613.84,54113.0,54487.26
2021-12-12 01:40:00,2021-12-12 05:40:00,49211.63,49394.5,48824.09,49002.32
2021-12-17 13:40:00,2021-12-17 17:40:00,47147.01,47440.1,45456.0,46816.71
2021-12-17 17:40:00,2021-12-17 21:40:00,46816.7,47111.0,46111.12,47069.03
2021-12-17 21:40:00,2021-12-18 01:40:00,47069.03,47086.05,45565.58,45781.24
2021-12-18 01:40:00,2021-12-18 05:40:00,45781.23,46777.77,45500.0,46687.01
2021-12-30 13:40:00,2021-12-30 17:40:00,47506.96,47770.0,47092.13,47564.38
2021-12-30 17:40:00,2021-12-30 21:40:00,47564.38,47900.0,46919.44,47293.5
2021-12-30 21:40:00,2021-12-31 01:40:00,47293.51,47500.0,46729.0,47213.62
2022-01-11 21:40:00,2022-01-12 01:40:00,42739.46,42965.0,42562.2,42595.04
2022-01-12 01:40:00,2022-01-12 05:40:00,42595.03,42733.87,42450.0,42707.27
2022-01-12 05:40:00,2022-01-12 09:40:00,42707.27,42909.92,42463.13,42687.94
2022-01-12 09:40:00,2022-01-12 13:40:00,42687.95,43928.88,42640.13,43768.59
2022-01-12 13:40:00,2022-01-12 17:40:00,43768.59,44078.4,43317.0,43685.74
2022-01-12 17:40:00,2022-01-12 21:40:00,43685.75,44322.0,43526.3,43858.44
2022-01-12 21:40:00,2022-01-13 01:40:00,43858.43,44075.42,43545.02,43587.66
2022-01-13 01:40:00,2022-01-13 05:40:00,43587.66,43763.57,43422.72,43681.75
2022-01-13 05:40:00,2022-01-13 09:40:00,43681.76,43991.78,43537.42,43860.24
2022-01-13 09:40:00,2022-01-13 13:40:00,43860.24,44014.51,43500.0,43850.0
2022-01-13 13:40:00,2022-01-13 17:40:00,43849.99,44500.0,42565.01,42863.6
2022-01-13 17:40:00,2022-01-13 21:40:00,42863.6,42962.96,42311.22,42750.2
2022-01-13 21:40:00,2022-01-14 01:40:00,42750.2,42888.18,42362.91,42677.47
2022-01-14 01:40:00,2022-01-14 05:40:00,42677.47,42880.0,42425.03,42811.57
2022-01-14 09:40:00,2022-01-14 13:40:00,42653.13,42688.84,41725.95,42201.3
2022-01-14 13:40:00,2022-01-14 17:40:00,42201.29,43347.42,42112.0,42970.0
2022-01-14 17:40:00,2022-01-14 21:40:00,42970.0,43408.0,42777.0,43259.32
2022-01-14 21:40:00,2022-01-15 01:40:00,43259.32,43448.78,42907.0,42915.58
2022-01-15 01:40:00,2022-01-15 05:40:00,42915.58,43121.05,42712.94,42957.64
2022-01-19 21:40:00,2022-01-20 01:40:00,41728.51,41993.98,41635.24,41729.42
2022-01-20 01:40:00,2022-01-20 05:40:00,41729.42,42082.26,41679.28,41852.01
2022-01-20 05:40:00,2022-01-20 09:40:00,41852.0,42148.0,41794.51,42000.0
2022-01-20 09:40:00,2022-01-20 13:40:00,42000.0,42441.82,41900.05,42365.35
2022-01-20 13:40:00,2022-01-20 17:40:00,42365.0,43505.0,42335.51,43133.24
2022-01-20 17:40:00,2022-01-20 21:40:00,43133.23,43241.38,42111.11,42120.0
2022-01-21 13:40:00,2022-01-21 17:40:00,38442.83,39071.13,38103.13,38322.96
2022-01-21 17:40:00,2022-01-21 21:40:00,38322.97,38644.02,37355.0,37412.1
2022-01-21 21:40:00,2022-01-22 01:40:00,37414.38,37634.98,35440.45,36586.79
2022-01-22 01:40:00,2022-01-22 05:40:00,36586.8,36690.0,36000.0,36004.43
2022-01-22 05:40:00,2022-01-22 09:40:00,36004.43,36062.9,35112.84,35151.0
2022-01-22 09:40:00,2022-01-22 13:40:00,35151.01,36192.76,34008.0,35748.95
2022-01-22 13:40:00,2022-01-22 17:40:00,35748.95,35754.41,34520.59,34709.99
2022-01-22 17:40:00,2022-01-22 21:40:00,34710.27,35500.0,34243.38,35398.65
2022-01-22 21:40:00,2022-01-23 01:40:00,35398.66,35729.03,34728.12,35384.55
2022-01-23 01:40:00,2022-01-23 05:40:00,35384.54,35437.28,34811.0,35150.48
2022-02-09 17:40:00,2022-02-09 21:40:00,44225.0,44799.0,43922.14,44565.72
2022-02-09 21:40:00,2022-02-10 01:40:00,44565.73,44607.21,44028.57,44153.12
2022-02-10 01:40:00,2022-02-10 05:40:00,44153.11,44360.0,43542.14,43830.08
2022-02-15 01:40:00,2022-02-15 05:40:00,43427.75,43781.97,43350.0,43575.75
2022-02-15 17:40:00,2022-02-15 21:40:00,43972.75,44199.79,43870.13,43951.45
2022-02-15 21:40:00,2022-02-16 01:40:00,43951.44,44751.4,43941.28,43999.08
2022-02-16 01:40:00,2022-02-16 05:40:00,43999.08,44150.1,43673.92,44034.44
2022-02-16 21:40:00,2022-02-17 01:40:00,44030.48,44168.64,43822.28,44030.93
2022-02-17 01:40:00,2022-02-17 05:40:00,44030.94,44095.73,43350.0,43613.79
2022-02-17 09:40:00,2022-02-17 13:40:00,43169.99,43342.0,42423.14,42633.87
2022-02-17 13:40:00,2022-02-17 17:40:00,42633.86,42635.68,41641.0,41873.49
2022-02-17 17:40:00,2022-02-17 21:40:00,41873.49,41873.49,40073.21,40614.24
2022-02-17 21:40:00,2022-02-18 01:40:00,40614.23,40817.26,40300.0,40802.7
2022-02-18 01:40:00,2022-02-18 05:40:00,40802.71,40950.0,40493.31,40692.16
2022-02-18 05:40:00,2022-02-18 09:40:00,40692.16,40959.88,40560.01,40853.31
2022-02-18 09:40:00,2022-02-18 13:40:00,40853.31,40919.35,40082.09,40394.3
2022-02-18 13:40:00,2022-02-18 17:40:00,40394.3,40799.0,39450.0,39990.96
2022-02-18 17:40:00,2022-02-18 21:40:00,39990.95,40340.0,39790.0,40022.47
2022-02-18 21:40:00,2022-02-19 01:40:00,40022.46,40307.22,39711.31,40149.64
2022-02-19 01:40:00,2022-02-19 05:40:00,40149.63,40285.79,40060.61,40208.45
2022-03-02 21:40:00,2022-03-03 01:40:00,43796.74,44380.0,43663.5,43770.2
2022-03-03 01:40:00,2022-03-03 05:40:00,43770.19,43844.67,43193.52,43365.77
2022-03-06 17:40:00,2022-03-06 21:40:00,38979.85,39273.79,38518.56,39084.61
2022-03-06 21:40:00,2022-03-07 01:40:00,39084.6,39200.0,38005.0,38534.12
2022-03-07 01:40:00,2022-03-07 05:40:00,38534.12,38540.71,37578.03,38125.11
2022-03-07 05:40:00,2022-03-07 09:40:00,38125.11,38394.21,37649.46,38180.09
2022-03-07 09:40:00,2022-03-07 13:40:00,38180.09,38875.18,37970.73,38820.26
2022-03-07 13:40:00,2022-03-07 17:40:00,38820.27,39547.57,38526.6,38711.23
2022-03-07 17:40:00,2022-03-07 21:40:00,38711.23,38997.39,37155.0,37764.07
2022-03-07 21:40:00,2022-03-08 01:40:00,37764.06,38517.82,37751.73,38153.75
2022-03-08 01:40:00,2022-03-08 05:40:00,38153.74,38972.08,38141.55,38312.61
2022-03-08 21:40:00,2022-03-09 01:40:00,38402.2,39240.0,38400.0,39119.38
2022-03-09 01:40:00,2022-03-09 05:40:00,39119.38,41884.0,39107.41,41489.99
2022-03-09 13:40:00,2022-03-09 17:40:00,41908.99,42594.06,41650.14,42276.55
2022-03-09 17:40:00,2022-03-09 21:40:00,42276.56,42350.0,41683.06,41856.26
2022-03-09 21:40:00,2022-03-10 01:40:00,41856.27,42141.24,41326.0,41424.93
2022-03-10 01:40:00,2022-03-10 05:40:00,41424.93,41446.03,39114.75,39251.71
2022-03-10 05:40:00,2022-03-10 09:40:00,39251.7,39424.0,38782.14,39275.92
2022-03-10 09:40:00,2022-03-10 13:40:00,39275.92,40292.44,38942.55,39312.87
2022-03-10 13:40:00,2022-03-10 17:40:00,39312.87,39750.0,38539.73,39128.74
2022-03-10 17:40:00,2022-03-10 21:40:00,39128.74,39680.0,39010.85,39477.0
2022-03-10 21:40:00,2022-03-11 01:40:00,39477.0,39595.68,38636.36,38836.37
2022-03-11 01:40:00,2022-03-11 05:40:00,38836.37,38903.55,38223.6,38718.85
2022-03-14 21:40:00,2022-03-15 01:40:00,38722.0,39947.12,38640.0,38831.0
2022-03-15 01:40:00,2022-03-15 05:40:00,38831.0,39118.91,38636.7,38777.34
2022-03-15 05:40:00,2022-03-15 09:40:00,38777.33,38990.61,38098.33,38562.61
2022-03-15 09:40:00,2022-03-15 13:40:00,38562.61,38940.0,38522.72,38714.94
2022-03-15 13:40:00,2022-03-15 17:40:00,38714.94,39400.0,38465.7,39166.81
2022-03-15 17:40:00,2022-03-15 21:40:00,39166.82,39863.42,39144.37,39524.0
2022-03-16 01:40:00,2022-03-16 05:40:00,39187.22,41718.0,38828.48,39139.55
2022-03-16 09:40:00,2022-03-16 13:40:00,40329.99,40695.8,40163.26,40499.01
2022-03-16 13:40:00,2022-03-16 17:40:00,40499.01,41194.6,40041.4,40545.87
2022-03-16 17:40:00,2022-03-16 21:40:00,40545.87,41471.36,39311.53,40942.07
2022-03-16 21:40:00,2022-03-17 01:40:00,40938.41,41214.36,40780.0,40925.19
2022-03-17 01:40:00,2022-03-17 05:40:00,40925.2,41478.82,40902.42,41107.48
2022-03-17 09:40:00,2022-03-17 13:40:00,40814.9,41233.27,40500.0,40974.51
2022-03-17 13:40:00,2022-03-17 17:40:00,40974.17,41170.99,40565.39,40717.57
2022-03-17 17:40:00,2022-03-17 21:40:00,40717.58,40879.31,40639.77,40813.0
2022-03-17 21:40:00,2022-03-18 01:40:00,40813.0,41068.9,40215.59,40466.0
2022-03-18 01:40:00,2022-03-18 05:40:00,40465.99,40897.0,40428.06,40718.0
2022-03-18 17:40:00,2022-03-18 21:40:00,41447.46,42325.02,41391.0,41700.0
2022-03-18 21:40:00,2022-03-19 01:40:00,41700.0,42000.0,41633.0,41718.04
2022-03-19 01:40:00,2022-03-19 05:40:00,41718.04,41944.64,41499.29,41781.3
2022-03-19 13:40:00,2022-03-19 17:40:00,41722.29,42163.5,41652.9,41811.34
2022-03-19 17:40:00,2022-03-19 21:40:00,41811.34,42400.0,41810.0,42357.0
2022-03-19 21:40:00,2022-03-20 01:40:00,42357.01,42357.01,41715.43,41842.99
2022-03-20 01:40:00,2022-03-20 05:40:00,41843.0,42046.99,41751.99,41864.0
2022-03-20 05:40:00,2022-03-20 09:40:00,41863.99,42007.99,41575.0,41740.17
2022-03-20 09:40:00,2022-03-20 13:40:00,41740.17,41833.25,41319.13,41477.0
2022-03-20 13:40:00,2022-03-20 17:40:00,41477.01,41672.64,40928.86,40982.74
2022-03-20 17:40:00,2022-03-20 21:40:00,40981.37,41677.65,40911.0,41365.56
2022-03-20 21:40:00,2022-03-21 01:40:00,41365.56,41451.51,41124.54,41242.36
2022-03-21 01:40:00,2022-03-21 05:40:00,41242.35,41284.68,40467.94,40908.72
2022-03-21 05:40:00,2022-03-21 09:40:00,40908.71,41356.18,40764.77,41343.9
2022-03-21 09:40:00,2022-03-21 13:40:00,41343.9,41492.14,40915.0,41465.99
2022-03-21 13:40:00,2022-03-21 17:40:00,41466.0,41544.22,40738.48,41003.01
2022-03-21 17:40:00,2022-03-21 21:40:00,41003.0,41271.4,40863.54,41200.11
2022-03-21 21:40:00,2022-03-22 01:40:00,41200.1,41370.0,40875.51,41112.0
2022-03-22 01:40:00,2022-03-22 05:40:00,41112.01,43361.0,41068.8,42912.07
2022-03-23 01:40:00,2022-03-23 05:40:00,42150.0,42529.99,41751.47,41978.54
2022-03-23 05:40:00,2022-03-23 09:40:00,41978.54,42345.32,41938.95,42072.26
2022-03-23 09:40:00,2022-03-23 13:40:00,42072.26,42450.0,41878.82,42046.27
2022-03-23 13:40:00,2022-03-23 17:40:00,42046.28,42775.1,41969.0,42353.37
2022-03-23 17:40:00,2022-03-23 21:40:00,42353.38,42407.67,42050.37,42374.57
2022-03-23 21:40:00,2022-03-24 01:40:00,42374.58,43276.12,42335.12,42807.0
2022-03-24 01:40:00,2022-03-24 05:40:00,42807.01,42967.45,42650.0,42924.63
2022-03-24 05:40:00,2022-03-24 09:40:00,42924.63,43478.0,42840.92,43097.27
2022-03-24 09:40:00,2022-03-24 13:40:00,43097.27,43131.82,42560.46,42847.24
2022-03-24 13:40:00,2022-03-24 17:40:00,42847.24,44220.89,42820.22,43987.91
2022-03-24 17:40:00,2022-03-24 21:40:00,43987.9,44077.55,43757.1,43976.17
2022-03-24 21:40:00,2022-03-25 01:40:00,43976.17,44398.53,43854.38,44198.89
2022-03-25 01:40:00,2022-03-25 05:40:00,44198.88,44296.27,43870.0,44067.77
2022-04-13 21:40:00,2022-04-14 01:40:00,41277.77,41404.58,41064.35,41303.75
2022-04-14 01:40:00,2022-04-14 05:40:00,41303.76,41500.0,41230.56,41296.38
2022-04-14 05:40:00,2022-04-14 09:40:00,41296.38,41360.0,40973.51,41147.7
2022-04-14 09:40:00,2022-04-14 13:40:00,41147.69,41300.0,40851.5,41100.01
2022-04-14 13:40:00,2022-04-14 17:40:00,41100.01,41128.09,39772.58,39973.35
2022-04-14 17:40:00,2022-04-14 21:40:00,39973.36,40028.94,39551.94,39996.15
2022-04-14 21:40:00,2022-04-15 01:40:00,39996.14,40180.0,39766.4,39882.51
2022-04-15 01:40:00,2022-04-15 05:40:00,39882.51,40266.47,39882.5,40196.23
2022-04-15 05:40:00,2022-04-15 09:40:00,40196.23,40449.96,39953.2,40150.01
2022-04-15 09:40:00,2022-04-15 13:40:00,40150.01,40399.0,40036.06,40179.15
2022-04-15 13:40:00,2022-04-15 17:40:00,40179.15,40870.36,39900.0,40415.79
2022-04-15 17:40:00,2022-04-15 21:40:00,40415.79,40472.25,40276.0,40424.99
2022-04-15 21:40:00,2022-04-16 01:40:00,40424.98,40709.35,40341.12,40561.82
2022-04-16 01:40:00,2022-04-16 05:40:00,40561.82,40612.3,40410.75,40426.44
2022-04-16 05:40:00,2022-04-16 09:40:00,40426.44,40474.02,40323.32,40344.09
2022-04-16 09:40:00,2022-04-16 13:40:00,40344.1,40492.91,40277.0,40409.99
2022-04-16 13:40:00,2022-04-16 17:40:00,40409.99,40577.57,39991.55,40176.78
2022-04-16 17:40:00,2022-04-16 21:40:00,40176.79,40394.39,40096.4,40385.8
2022-04-16 21:40:00,2022-04-17 01:40:00,40385.8,40699.55,40300.84,40390.0
2022-04-17 01:40:00,2022-04-17 05:40:00,40389.99,40423.0,40122.05,40314.07
2022-04-17 21:40:00,2022-04-18 01:40:00,40222.6,40340.22,39546.17,39755.9
2022-04-18 01:40:00,2022-04-18 05:40:00,39755.89,39896.98,38536.51,38892.64
2022-04-18 05:40:00,2022-04-18 09:40:00,38892.65,39070.05,38791.73,38959.98
2022-04-18 09:40:00,2022-04-18 13:40:00,38959.99,39620.8,38915.31,39363.52
2022-04-18 13:40:00,2022-04-18 17:40:00,39363.52,40370.8,39000.0,40051.9
2022-04-18 17:40:00,2022-04-18 21:40:00,40051.91,41116.73,40022.46,40906.61
2022-04-18 21:40:00,2022-04-19 01:40:00,40906.62,41263.43,40710.0,40795.42
2022-04-19 01:40:00,2022-04-19 05:40:00,40795.43,40883.99,40601.0,40722.97
2022-04-19 05:40:00,2022-04-19 09:40:00,40722.97,40854.82,40571.0,40676.88
2022-04-19 09:40:00,2022-04-19 13:40:00,40676.87,41104.0,40611.76,40970.88
2022-04-19 13:40:00,2022-04-19 17:40:00,40970.88,41760.0,40944.36,41294.44
2022-04-19 17:40:00,2022-04-19 21:40:00,41294.44,41547.65,41212.94,41317.26
2022-04-19 21:40:00,2022-04-20 01:40:00,41317.25,41541.23,41229.96,41348.15
2022-04-20 01:40:00,2022-04-20 05:40:00,41348.15,41433.7,41261.58,41415.51
2022-04-20 21:40:00,2022-04-21 01:40:00,41459.99,41785.48,41286.53,41708.82
2022-04-21 01:40:00,2022-04-21 05:40:00,41708.83,41750.0,41488.04,41513.23
2022-04-21 13:40:00,2022-04-21 17:40:00,42770.0,42792.28,41546.23,41546.65
2022-04-21 17:40:00,2022-04-21 21:40:00,41546.65,41691.58,40541.56,40805.51
2022-04-21 21:40:00,2022-04-22 01:40:00,40805.5,40825.01,39751.0,40430.19
2022-04-22 01:40:00,2022-04-22 05:40:00,40430.19,40714.2,40376.99,40690.53
2022-04-22 09:40:00,2022-04-22 13:40:00,40363.32,40640.0,40138.03,40293.71
2022-04-22 13:40:00,2022-04-22 17:40:00,40293.7,40448.31,39177.0,39445.63
2022-04-22 17:40:00,2022-04-22 21:40:00,39445.63,39786.62,39203.52,39630.69
2022-04-22 21:40:00,2022-04-23 01:40:00,39630.68,39872.64,39433.73,39630.37
2022-04-23 01:40:00,2022-04-23 05:40:00,39630.38,39699.0,39285.0,39594.07
2022-04-28 01:40:00,2022-04-28 05:40:00,39397.15,39522.2,39161.08,39280.86
2022-04-28 05:40:00,2022-04-28 09:40:00,39280.86,39853.28,39226.49,39757.31
2022-04-28 09:40:00,2022-04-28 13:40:00,39757.3,39882.38,39231.12,39356.19
2022-04-28 13:40:00,2022-04-28 17:40:00,39356.19,40300.0,38881.43,40137.92
2022-04-28 17:40:00,2022-04-28 21:40:00,40137.91,40372.63,39734.53,39828.96
2022-04-28 21:40:00,2022-04-29 01:40:00,39828.95,39925.25,39606.92,39897.35
2022-04-29 01:40:00,2022-04-29 05:40:00,39897.36,39900.6,39286.01,39573.83
2022-04-29 05:40:00,2022-04-29 09:40:00,39573.82,39634.12,39070.38,39270.88
2022-04-29 09:40:00,2022-04-29 13:40:00,39270.89,39286.15,38616.46,39125.87
2022-04-29 13:40:00,2022-04-29 17:40:00,39125.87,39406.37,38435.42,38651.62
2022-04-29 17:40:00,2022-04-29 21:40:00,38651.62,38736.13,38175.0,38558.35
2022-04-29 21:40:00,2022-04-30 01:40:00,38558.36,38795.38,38430.03,38695.8
2022-04-30 01:40:00,2022-04-30 05:40:00,38695.81,38772.56,38493.52,38614.1
2022-04-30 05:40:00,2022-04-30 09:40:00,38614.1,38778.79,38536.66,38580.0
2022-04-30 09:40:00,2022-04-30 13:40:00,38580.01,38658.72,38510.0,38560.0
2022-04-30 13:40:00,2022-04-30 17:40:00,38560.01,38638.38,38156.04,38325.0
2022-04-30 17:40:00,2022-04-30 21:40:00,38325.0,38499.0,38201.78,38307.67
2022-04-30 21:40:00,2022-05-01 01:40:00,38307.67,38370.84,37386.38,37644.78
2022-05-01 01:40:00,2022-05-01 05:40:00,37644.77,38165.12,37625.78,38089.99
2022-05-01 05:40:00,2022-05-01 09:40:00,38089.98,38149.92,37866.62,37910.08
2022-05-01 09:40:00,2022-05-01 13:40:00,37910.09,38094.16,37841.9,37982.81
2022-05-01 13:40:00,2022-05-01 17:40:00,37982.82,38675.0,37891.9,38448.73
2022-05-01 17:40:00,2022-05-01 21:40:00,38448.72,38494.19,37686.26,38247.4
2022-05-01 21:40:00,2022-05-02 01:40:00,38247.4,38810.73,38089.84,38561.19
2022-05-02 01:40:00,2022-05-02 05:40:00,38561.2,39122.77,38376.38,39005.52
2022-05-02 09:40:00,2022-05-02 13:40:00,39054.91,39054.91,38242.51,38664.39
2022-05-02 13:40:00,2022-05-02 17:40:00,38664.38,39155.47,38337.63,38367.03
2022-05-02 17:40:00,2022-05-02 21:40:00,38367.02,38770.0,38052.0,38664.47
2022-05-02 21:40:00,2022-05-03 01:40:00,38664.47,38908.56,38358.0,38474.97
2022-05-03 01:40:00,2022-05-03 05:40:00,38474.96,38625.0,38317.06,38525.42
2022-05-11 17:40:00,2022-05-11 21:40:00,29726.44,30380.0,27785.0,28672.96
2022-05-11 21:40:00,2022-05-12 01:40:00,28672.96,30243.0,28465.98,29482.13
2022-05-12 01:40:00,2022-05-12 05:40:00,29482.12,29737.14,26700.0,27373.79
2022-05-12 05:40:00,2022-05-12 09:40:00,27369.55,28643.93,26750.0,28362.26
2022-05-12 09:40:00,2022-05-12 13:40:00,28362.26,29294.0,27750.0,27983.92
2022-05-12 13:40:00,2022-05-12 17:40:00,27983.93,29967.03,27902.95,28969.67
2022-05-12 17:40:00,2022-05-12 21:40:00,28969.66,29191.72,28001.0,28038.28
2022-05-12 21:40:00,2022-05-13 01:40:00,28038.7,29747.7,28036.0,29307.59
2022-05-13 01:40:00,2022-05-13 05:40:00,29307.59,31083.37,29281.51,30752.76
2022-05-13 05:40:00,2022-05-13 09:40:00,30752.76,30981.86,30154.24,30457.19
2022-05-13 09:40:00,2022-05-13 13:40:00,30457.19,30837.0,30180.0,30499.94
2022-05-13 13:40:00,2022-05-13 17:40:00,30501.75,31033.0,29733.0,30052.2
2022-05-13 17:40:00,2022-05-13 21:40:00,30052.2,30250.0,29382.66,29960.0
2022-05-13 21:40:00,2022-05-14 01:40:00,29960.01,30139.16,29200.0,29661.08
2022-05-14 01:40:00,2022-05-14 05:40:00,29661.08,29824.69,29200.0,29426.93
2022-05-22 09:40:00,2022-05-22 13:40:00,29917.55,30311.31,29800.0,30040.8
2022-05-22 13:40:00,2022-05-22 17:40:00,30041.12,30177.93,29668.51,30017.01
2022-05-22 17:40:00,2022-05-22 21:40:00,30017.01,30099.21,29844.95,30008.96
2022-05-22 21:40:00,2022-05-23 01:40:00,30008.95,30487.99,29961.71,30235.23
2022-05-23 01:40:00,2022-05-23 05:40:00,30235.24,30242.22,30048.77,30165.54
2022-05-23 21:40:00,2022-05-24 01:40:00,29419.08,29455.49,28866.35,29182.68
2022-05-24 01:40:00,2022-05-24 05:40:00,29182.67,29439.26,29147.68,29394.27
2022-05-24 13:40:00,2022-05-24 17:40:00,29205.26,29650.0,28669.0,29273.6
2022-05-24 17:40:00,2022-05-24 21:40:00,29273.6,29599.98,29101.0,29504.83
2022-05-24 21:40:00,2022-05-25 01:40:00,29504.83,29845.86,29504.82,29652.28
2022-05-25 01:40:00,2022-05-25 05:40:00,29652.28,30223.74,29641.71,29935.03
2022-05-25 13:40:00,2022-05-25 17:40:00,29768.4,29909.0,29430.54,29734.44
2022-05-25 17:40:00,2022-05-25 21:40:00,29734.44,30034.37,29535.02,29793.67
2022-05-25 21:40:00,2022-05-26 01:40:00,29793.67,29880.0,29503.72,29697.01
2022-05-26 01:40:00,2022-05-26 05:40:00,29697.0,29886.64,29661.28,29684.86
2022-05-26 05:40:00,2022-05-26 09:40:00,29684.85,29757.16,28877.0,29113.53
2022-05-26 09:40:00,2022-05-26 13:40:00,29113.53,29256.68,28019.56,28367.77
2022-05-26 13:40:00,2022-05-26 17:40:00,28367.77,29787.69,28320.0,29590.0
2022-05-26 17:40:00,2022-05-26 21:40:00,29589.99,29682.84,29285.13,29583.77
2022-05-26 21:40:00,2022-05-27 01:40:00,29583.77,29669.63,28909.9,29045.25
2022-05-27 01:40:00,2022-05-27 05:40:00,29045.25,29155.26,28768.44,28780.33
2022-05-27 17:40:00,2022-05-27 21:40:00,28474.44,29056.0,28282.9,28814.7
2022-05-27 21:40:00,2022-05-28 01:40:00,28814.7,28907.13,28504.64,28659.71
2022-05-28 01:40:00,2022-05-28 05:40:00,28659.71,28939.33,28450.0,28909.82
2022-05-28 21:40:00,2022-05-29 01:40:00,29015.44,29154.61,28908.22,28951.72
2022-05-29 01:40:00,2022-05-29 05:40:00,28951.72,29015.07,28839.21,28993.81
2022-05-29 13:40:00,2022-05-29 17:40:00,29383.53,29389.54,29166.51,29314.75
2022-05-29 17:40:00,2022-05-29 21:40:00,29314.74,29318.64,29077.98,29208.84
2022-05-29 21:40:00,2022-05-30 01:40:00,29208.85,29666.0,29172.95,29619.98
2022-05-30 01:40:00,2022-05-30 05:40:00,29619.99,30432.12,29594.56,30375.47
2022-05-30 05:40:00,2022-05-30 09:40:00,30375.46,30928.71,30297.05,30675.0
2022-05-30 09:40:00,2022-05-30 13:40:00,30674.99,30931.0,30269.22,30420.24
2022-05-30 13:40:00,2022-05-30 17:40:00,30420.24,30773.92,30400.27,30710.01
2022-05-30 17:40:00,2022-05-30 21:40:00,30710.0,32222.0,30500.0,31655.02
2022-05-30 21:40:00,2022-05-31 01:40:00,31655.01,31912.79,31400.0,31489.34
2022-05-31 01:40:00,2022-05-31 05:40:00,31489.34,31835.73,31472.17,31656.64
2022-05-31 05:40:00,2022-05-31 09:40:00,31656.64,31726.18,31434.66,31532.91
2022-05-31 09:40:00,2022-05-31 13:40:00,31532.9,31927.58,31496.09,31521.48
2022-06-01 05:40:00,2022-06-01 09:40:00,31452.37,31700.0,31450.0,31688.39
2022-06-01 09:40:00,2022-06-01 13:40:00,31688.39,31901.34,31444.0,31721.3
2022-06-01 13:40:00,2022-06-01 17:40:00,31721.31,31819.02,29901.29,30215.84
2022-06-01 17:40:00,2022-06-01 21:40:00,30215.83,30445.0,29301.0,29674.23
2022-06-01 21:40:00,2022-06-02 01:40:00,29674.23,30074.95,29519.58,29809.99
2022-06-02 01:40:00,2022-06-02 05:40:00,29809.98,29903.74,29650.93,29794.24
2022-06-02 17:40:00,2022-06-02 21:40:00,30279.33,30389.56,29977.45,30335.23
2022-06-02 21:40:00,2022-06-03 01:40:00,30335.23,30689.0,30279.43,30580.06
2022-06-03 01:40:00,2022-06-03 05:40:00,30580.07,30699.0,30413.08,30537.17
2022-06-03 05:40:00,2022-06-03 09:40:00,30537.16,30561.32,30164.94,30203.34
2022-06-03 09:40:00,2022-06-03 13:40:00,30203.34,30288.07,29439.71,29701.88
2022-06-03 13:40:00,2022-06-03 17:40:00,29701.87,29767.62,29282.36,29538.03
2022-06-03 17:40:00,2022-06-03 21:40:00,29538.03,29753.03,29436.3,29740.61
2022-06-03 21:40:00,2022-06-04 01:40:00,29740.61,29887.56,29546.86,29587.33
2022-06-04 01:40:00,2022-06-04 05:40:00,29587.33,29734.49,29500.0,29675.01
2022-06-04 21:40:00,2022-06-05 01:40:00,29778.62,29977.99,29681.85,29725.43
2022-06-05 01:40:00,2022-06-05 05:40:00,29725.44,29819.95,29678.5,29798.69
2022-06-14 17:40:00,2022-06-14 21:40:00,22437.65,22590.72,21452.56,21499.96
2022-06-14 21:40:00,2022-06-15 01:40:00,21499.95,22344.0,21358.0,22051.28
2022-06-15 01:40:00,2022-06-15 05:40:00,22051.28,22297.37,20750.0,21135.34
2022-06-15 05:40:00,2022-06-15 09:40:00,21135.34,21445.71,20111.62,20208.64
2022-06-15 09:40:00,2022-06-15 13:40:00,20208.64,21673.9,20128.57,21365.61
2022-06-15 13:40:00,2022-06-15 17:40:00,21365.61,21798.95,20500.0,20651.71
2022-06-15 17:40:00,2022-06-15 21:40:00,20651.71,22496.52,20250.0,22019.31
2022-06-15 21:40:00,2022-06-16 01:40:00,22018.59,22995.73,22015.71,22560.5
2022-06-16 01:40:00,2022-06-16 05:40:00,22560.5,22580.0,22016.66,22125.82
2022-06-17 09:40:00,2022-06-17 13:40:00,21035.7,21218.0,20569.63,20703.7
2022-06-17 13:40:00,2022-06-17 17:40:00,20703.71,20920.65,20386.93,20552.76
2022-06-17 17:40:00,2022-06-17 21:40:00,20552.77,20723.0,20440.92,20548.45
2022-06-17 21:40:00,2022-06-18 01:40:00,20548.45,20792.06,20368.2,20411.01
2022-06-18 01:40:00,2022-06-18 05:40:00,20411.01,20537.34,20322.08,20429.4
2022-06-18 05:40:00,2022-06-18 09:40:00,20429.4,20446.52,18742.5,19057.79
2022-06-18 09:40:00,2022-06-18 13:40:00,19057.78,19540.0,19035.51,19123.39
2022-06-18 13:40:00,2022-06-18 17:40:00,19123.38,19261.75,18800.0,18831.23
2022-06-18 17:40:00,2022-06-18 21:40:00,18831.24,18850.66,17622.0,18476.84
2022-06-18 21:40:00,2022-06-19 01:40:00,18476.61,19493.23,18425.56,18720.49
2022-06-19 01:40:00,2022-06-19 05:40:00,18720.5,18750.0,17960.41,18018.34
2022-06-19 05:40:00,2022-06-19 09:40:00,18018.34,19208.77,18012.57,19095.57
2022-06-19 09:40:00,2022-06-19 13:40:00,19095.57,20150.0,18898.74,19488.84
2022-06-19 13:40:00,2022-06-19 17:40:00,19488.84,19945.88,19130.84,19487.13
2022-06-19 17:40:00,2022-06-19 21:40:00,19487.14,20716.25,19388.82,20438.7
2022-06-23 09:40:00,2022-06-23 13:40:00,20504.14,20829.21,20488.02,20501.36
2022-06-23 13:40:00,2022-06-23 17:40:00,20501.36,20615.94,20170.0,20291.58
2022-06-23 17:40:00,2022-06-23 21:40:00,20291.58,21123.0,20250.0,20744.04
2022-06-23 21:40:00,2022-06-24 01:40:00,20744.04,21233.0,20672.72,21149.29
2022-06-24 01:40:00,2022-06-24 05:40:00,21149.29,21369.85,20983.01,21124.99
2022-06-24 21:40:00,2022-06-25 01:40:00,21327.45,21558.41,21121.72,21314.89
2022-06-25 01:40:00,2022-06-25 05:40:00,21314.89,21379.65,21151.38,21294.04
2022-06-25 05:40:00,2022-06-25 09:40:00,21294.04,21614.5,21180.4,21476.95
2022-06-25 09:40:00,2022-06-25 13:40:00,21476.96,21500.39,21031.92,21231.76
2022-06-25 13:40:00,2022-06-25 17:40:00,21231.76,21245.77,20906.62,21105.42
2022-06-25 17:40:00,2022-06-25 21:40:00,21105.42,21500.0,21043.75,21470.65
2022-06-25 21:40:00,2022-06-26 01:40:00,21470.66,21588.43,21328.39,21340.23
2022-06-26 01:40:00,2022-06-26 05:40:00,21340.24,21484.98,21282.13,21438.67
2022-06-26 05:40:00,2022-06-26 09:40:00,21438.67,21526.0,21336.96,21438.28
2022-06-26 09:40:00,2022-06-26 13:40:00,21438.28,21888.0,21307.09,21359.6
2022-06-26 13:40:00,2022-06-26 17:40:00,21359.61,21493.67,21128.41,21165.01
2022-06-26 17:40:00,2022-06-26 21:40:00,21165.0,21425.0,21115.3,21387.71
2022-06-26 21:40:00,2022-06-27 01:40:00,21387.71,21416.74,20926.01,21082.16
2022-06-27 01:40:00,2022-06-27 05:40:00,21082.16,21318.66,21046.67,21190.65
2022-06-28 17:40:00,2022-06-28 21:40:00,20617.73,20660.0,20202.01,20337.83
2022-06-28 21:40:00,2022-06-29 01:40:00,20337.82,20463.2,20152.0,20345.14
2022-06-29 01:40:00,2022-06-29 05:40:00,20345.13,20398.0,20192.61,20204.1
2022-06-29 05:40:00,2022-06-29 09:40:00,20204.09,20238.05,19889.0,20124.53
2022-06-29 09:40:00,2022-06-29 13:40:00,20124.54,20189.13,19854.92,20006.66
2022-06-29 13:40:00,2022-06-29 17:40:00,20006.67,20254.2,19892.97,19980.24
2022-06-29 17:40:00,2022-06-29 21:40:00,19980.25,20432.31,19969.28,20323.22
2022-06-29 21:40:00,2022-06-30 01:40:00,20323.23,20342.0,19951.08,20049.48
2022-06-30 01:40:00,2022-06-30 05:40:00,20049.77,20121.74,19964.55,20021.8
2022-07-02 21:40:00,2022-07-03 01:40:00,19310.01,19383.01,19173.46,19212.28
2022-07-03 01:40:00,2022-07-03 05:40:00,19212.28,19400.0,18781.0,19071.62
2022-07-03 13:40:00,2022-07-03 17:40:00,19000.39,19200.0,18964.0,19116.2
2022-07-03 17:40:00,2022-07-03 21:40:00,19116.2,19647.63,19114.35,19300.01
2022-07-03 21:40:00,2022-07-04 01:40:00,19300.0,19379.84,19140.01,19178.75
2022-07-04 01:40:00,2022-07-04 05:40:00,19178.74,19235.14,19055.31,19131.02
2022-07-11 21:40:00,2022-07-12 01:40:00,20354.78,20360.26,19786.46,19930.52
2022-07-12 01:40:00,2022-07-12 05:40:00,19930.52,20056.56,19862.27,20045.05
2022-07-12 05:40:00,2022-07-12 09:40:00,20045.98,20059.42,19620.0,19631.18
2022-07-12 09:40:00,2022-07-12 13:40:00,19631.18,20010.0,19558.12,19959.57
2022-07-12 13:40:00,2022-07-12 17:40:00,19959.57,20007.23,19695.3,19879.3
2022-07-12 17:40:00,2022-07-12 21:40:00,19878.9,19902.45,19278.0,19445.76
2022-07-12 21:40:00,2022-07-13 01:40:00,19445.76,19479.99,19240.0,19412.95
2022-07-13 01:40:00,2022-07-13 05:40:00,19412.06,19582.51,19387.52,19556.04
2022-07-13 05:40:00,2022-07-13 09:40:00,19556.04,19930.0,19469.84,19826.84
2022-07-13 09:40:00,2022-07-13 13:40:00,19828.98,20128.39,18910.94,19256.93
2022-07-13 13:40:00,2022-07-13 17:40:00,19256.93,20046.15,19155.0,19792.76
2022-07-13 17:40:00,2022-07-13 21:40:00,19792.76,19956.99,19584.37,19804.34
2022-07-13 21:40:00,2022-07-14 01:40:00,19802.18,20435.72,19781.87,20262.61
2022-07-14 01:40:00,2022-07-14 05:40:00,20260.64,20376.73,20057.31,20181.07
2022-07-14 05:40:00,2022-07-14 09:40:00,20182.5,20184.65,19678.26,19755.44
2022-07-14 09:40:00,2022-07-14 13:40:00,19753.33,19878.92,19616.07,19664.5
2022-07-14 13:40:00,2022-07-14 17:40:00,19666.87,20660.15,19655.75,20527.67
2022-07-14 17:40:00,2022-07-14 21:40:00,20527.67,20900.0,20501.66,20555.0
2022-07-14 21:40:00,2022-07-15 01:40:00,20556.2,20606.86,20382.29,20455.94
2022-07-15 01:40:00,2022-07-15 05:40:00,20455.94,20833.0,20436.01,20604.8
2022-07-15 05:40:00,2022-07-15 09:40:00,20604.79,21059.32,20562.53,20926.88
2022-07-15 09:40:00,2022-07-15 13:40:00,20926.88,21090.0,20759.39,20882.28
2022-07-15 13:40:00,2022-07-15 17:40:00,20880.0,21003.69,20636.7,20825.0
2022-07-15 17:40:00,2022-07-15 21:40:00,20825.0,21200.0,20760.0,20953.5
2022-07-15 21:40:00,2022-07-16 01:40:00,20954.62,20989.56,20630.0,20729.02
2022-07-16 01:40:00,2022-07-16 05:40:00,20726.9,20769.01,20600.0,20679.01
2022-07-16 05:40:00,2022-07-16 09:40:00,20679.01,20696.8,20478.61,20616.5
2022-07-16 09:40:00,2022-07-16 13:40:00,20613.4,20833.28,20584.0,20794.98
2022-07-16 13:40:00,2022-07-16 17:40:00,20792.49,21588.94,20732.65,21443.5
2022-07-16 17:40:00,2022-07-16 21:40:00,21445.5,21497.1,20911.64,21266.76
2022-07-16 21:40:00,2022-07-17 01:40:00,21264.73,21348.86,21082.8,21128.66
2022-07-17 01:40:00,2022-07-17 05:40:00,21128.66,21475.64,21105.59,21317.49
2022-07-17 13:40:00,2022-07-17 17:40:00,21224.27,21355.0,21002.0,21171.21
2022-07-17 17:40:00,2022-07-17 21:40:00,21168.81,21201.0,20824.0,20997.19
2022-07-17 21:40:00,2022-07-18 01:40:00,20997.19,21080.0,20750.01,20946.78
2022-07-18 01:40:00,2022-07-18 05:40:00,20946.78,21739.0,20945.32,21716.98
2022-08-30 17:40:00,2022-08-30 21:40:00,19625.66,20099.81,19575.24,19980.74
2022-08-30 21:40:00,2022-08-31 01:40:00,19980.14,20178.91,19745.43,20130.36
2022-08-31 01:40:00,2022-08-31 05:40:00,20129.02,20459.32,20127.82,20360.34
2022-08-31 05:40:00,2022-08-31 09:40:00,20360.34,20490.0,20123.09,20198.64
2022-08-31 09:40:00,2022-08-31 13:40:00,20199.46,20422.0,20155.23,20257.56
2022-08-31 13:40:00,2022-08-31 17:40:00,20257.56,20423.38,19870.0,20029.45
2022-08-31 17:40:00,2022-08-31 21:40:00,20028.34,20328.46,19881.22,20212.95
2022-08-31 21:40:00,2022-09-01 01:40:00,20214.46,20299.97,19917.01,20144.39
2022-09-01 01:40:00,2022-09-01 05:40:00,20144.39,20208.37,19931.0,20114.59
2022-09-01 05:40:00,2022-09-01 09:40:00,20114.59,20118.98,19801.38,19917.27
2022-09-01 09:40:00,2022-09-01 13:40:00,19917.27,20126.23,19887.48,19961.44
2022-09-01 13:40:00,2022-09-01 17:40:00,19961.44,20038.27,19565.66,19823.26
2022-09-01 17:40:00,2022-09-01 21:40:00,19822.55,20169.41,19701.22,20051.06
2022-09-01 21:40:00,2022-09-02 01:40:00,20051.06,20180.0,20008.65,20052.21
2022-09-02 01:40:00,2022-09-02 05:40:00,20052.21,20298.0,19957.78,20100.8
2022-09-02 05:40:00,2022-09-02 09:40:00,20100.8,20167.46,20037.14,20125.58
2022-09-02 09:40:00,2022-09-02 13:40:00,20126.8,20402.24,19991.0,20330.1
2022-09-02 13:40:00,2022-09-02 17:40:00,20331.28,20441.26,19830.0,19841.35
2022-09-02 17:40:00,2022-09-02 21:40:00,19842.81,20078.9,19755.29,19966.69
2022-09-02 21:40:00,2022-09-03 01:40:00,19966.69,20055.93,19876.87,19944.76
2022-09-03 01:40:00,2022-09-03 05:40:00,19944.76,19966.87,19866.77,19955.13
2022-09-03 13:40:00,2022-09-03 17:40:00,19840.16,19904.68,19748.88,19798.58
2022-09-03 17:40:00,2022-09-03 21:40:00,19799.16,19829.95,19652.72,19769.1
2022-09-03 21:40:00,2022-09-04 01:40:00,19769.34,19861.94,19744.02,19817.06
2022-09-04 01:40:00,2022-09-04 05:40:00,19816.31,19822.06,19740.07,19778.55
2022-09-04 21:40:00,2022-09-05 01:40:00,19900.97,20057.27,19815.0,19884.93
2022-09-05 01:40:00,2022-09-05 05:40:00,19884.93,19913.09,19681.22,19704.37
2022-09-11 17:40:00,2022-09-11 21:40:00,21821.11,21824.12,21456.67,21646.68
2022-09-11 21:40:00,2022-09-12 01:40:00,21646.68,21995.0,21463.0,21958.35
2022-09-12 01:40:00,2022-09-12 05:40:00,21958.35,22374.0,21538.51,21766.65
2022-09-12 05:40:00,2022-09-12 09:40:00,21766.65,22328.9,21699.2,22210.31
2022-09-12 09:40:00,2022-09-12 13:40:00,22211.5,22472.68,21970.43,22381.89
2022-09-12 13:40:00,2022-09-12 17:40:00,22381.89,22488.0,22000.0,22233.65
2022-09-12 17:40:00,2022-09-12 21:40:00,22233.65,22480.71,22212.46,22323.84
2022-09-12 21:40:00,2022-09-13 01:40:00,22323.84,22445.86,22106.66,22195.52
2022-09-13 01:40:00,2022-09-13 05:40:00,22195.49,22423.08,22054.07,22410.61
2022-09-13 05:40:00,2022-09-13 09:40:00,22411.18,22627.0,22182.09,22408.68
2022-09-13 09:40:00,2022-09-13 13:40:00,22409.31,22799.0,21258.36,21378.89
2022-09-13 13:40:00,2022-09-13 17:40:00,21381.53,21381.53,20678.07,20842.57
2022-09-13 17:40:00,2022-09-13 21:40:00,20842.4,20857.24,20030.0,20091.75
2022-09-13 21:40:00,2022-09-14 01:40:00,20093.43,20312.0,19860.0,20283.91
2022-09-14 13:40:00,2022-09-14 17:40:00,20261.48,20352.69,20104.02,20184.09
2022-09-14 17:40:00,2022-09-14 21:40:00,20184.09,20200.0,19617.62,20043.42
2022-09-14 21:40:00,2022-09-15 01:40:00,20042.97,20393.37,19955.5,20109.22
2022-09-15 01:40:00,2022-09-15 05:40:00,20109.22,20199.0,19920.0,20127.41
2022-10-09 17:40:00,2022-10-09 21:40:00,19494.19,19538.23,19353.0,19455.65
2022-10-09 21:40:00,2022-10-10 01:40:00,19455.65,19521.84,19368.1,19498.06
2022-10-10 01:40:00,2022-10-10 05:40:00,19498.06,19525.0,19384.31,19401.91
2022-10-10 05:40:00,2022-10-10 09:40:00,19401.91,19441.39,19107.0,19262.43
2022-10-10 09:40:00,2022-10-10 13:40:00,19263.27,19441.99,19259.25,19336.28
2022-10-10 13:40:00,2022-10-10 17:40:00,19336.28,19396.54,19098.21,19249.0
2022-10-10 17:40:00,2022-10-10 21:40:00,19247.92,19358.76,19186.92,19226.35
2022-10-10 21:40:00,2022-10-11 01:40:00,19227.01,19250.96,18950.01,19018.11
2022-10-11 01:40:00,2022-10-11 05:40:00,19018.11,19094.74,18956.17,19027.4
2022-10-11 05:40:00,2022-10-11 09:40:00,19027.39,19143.0,19010.0,19070.93
2022-10-11 09:40:00,2022-10-11 13:40:00,19070.95,19268.09,19031.23,19082.06
2022-10-11 13:40:00,2022-10-11 17:40:00,19081.69,19198.87,18860.0,19119.88
2022-10-11 17:40:00,2022-10-11 21:40:00,19119.86,19148.5,18918.01,19045.64
2022-10-11 21:40:00,2022-10-12 01:40:00,19045.64,19132.93,18995.0,19039.73
2022-10-12 01:40:00,2022-10-12 05:40:00,19039.73,19123.38,19030.63,19075.52
2022-10-12 05:40:00,2022-10-12 09:40:00,19075.02,19203.14,19071.9,19184.73
2022-10-12 09:40:00,2022-10-12 13:40:00,19185.82,19201.82,18965.88,19117.7
2022-10-12 13:40:00,2022-10-12 17:40:00,19118.89,19155.4,19061.0,19085.03
2022-10-12 17:40:00,2022-10-12 21:40:00,19085.03,19195.0,19041.74,19188.4
2022-10-12 21:40:00,2022-10-13 01:40:00,19189.09,19238.31,19114.43,19115.52
2022-10-13 01:40:00,2022-10-13 05:40:00,19115.52,19119.68,19017.8,19097.0
2022-10-13 17:40:00,2022-10-13 21:40:00,19172.21,19513.79,19126.24,19364.6
2022-10-13 21:40:00,2022-10-14 01:40:00,19365.25,19690.0,19338.07,19663.92
2022-10-14 01:40:00,2022-10-14 05:40:00,19665.49,19951.87,19662.46,19785.59
2022-10-14 13:40:00,2022-10-14 17:40:00,19744.99,19746.17,19220.73,19363.49
2022-10-14 17:40:00,2022-10-14 21:40:00,19362.67,19375.25,19100.01,19175.62
2022-10-14 21:40:00,2022-10-15 01:40:00,19176.11,19227.68,19070.37,19178.73
2022-10-15 01:40:00,2022-10-15 05:40:00,19179.24,19217.8,19133.24,19166.48
2022-10-15 05:40:00,2022-10-15 09:40:00,19167.57,19187.2,19037.39,19115.06
2022-10-15 09:40:00,2022-10-15 13:40:00,19114.87,19199.0,19086.35,19117.56
2022-10-15 13:40:00,2022-10-15 17:40:00,19117.56,19184.99,19095.84,19107.78
2022-10-15 17:40:00,2022-10-15 21:40:00,19107.78,19139.22,19049.0,19091.9
2022-10-15 21:40:00,2022-10-16 01:40:00,19091.9,19170.82,18975.18,19153.35
2022-10-16 01:40:00,2022-10-16 05:40:00,19153.35,19167.32,19101.82,19146.31
2022-11-07 21:40:00,2022-11-08 01:40:00,20668.28,20698.0,20384.89,20602.44
2022-11-08 01:40:00,2022-11-08 05:40:00,20602.44,20673.38,19344.0,19663.25
2022-11-08 17:40:00,2022-11-08 21:40:00,19875.97,19886.0,17166.83,18410.72
2022-11-08 21:40:00,2022-11-09 01:40:00,18411.63,18730.0,18293.36,18426.31
2022-11-09 01:40:00,2022-11-09 05:40:00,18425.3,18464.14,18000.0,18406.96
2022-11-09 17:40:00,2022-11-09 21:40:00,16933.91,17113.02,15809.0,16048.07
2022-11-09 21:40:00,2022-11-10 01:40:00,16048.07,16445.46,15588.0,16231.05
2022-11-10 01:40:00,2022-11-10 05:40:00,16232.38,16785.0,16044.67,16663.14
2022-11-10 17:40:00,2022-11-10 21:40:00,17251.93,18199.0,17120.94,17911.15
2022-11-10 21:40:00,2022-11-11 01:40:00,17911.15,17939.0,17306.03,17355.5
2022-11-11 01:40:00,2022-11-11 05:40:00,17355.5,17414.75,16888.76,17208.79
2022-11-11 17:40:00,2022-11-11 21:40:00,16779.06,17045.09,16555.77,16803.81
2022-11-11 21:40:00,2022-11-12 01:40:00,16803.81,17148.96,16775.4,16844.83
2022-11-12 01:40:00,2022-11-12 05:40:00,16844.83,17001.98,16654.38,16720.83
2022-11-13 21:40:00,2022-11-14 01:40:00,16517.21,16519.5,16051.0,16097.11
2022-11-14 01:40:00,2022-11-14 05:40:00,16097.49,16223.23,15853.66,15933.09
2022-11-14 17:40:00,2022-11-14 21:40:00,16594.66,16674.97,16181.0,16372.57
2022-11-14 21:40:00,2022-11-15 01:40:00,16372.57,16765.0,16352.0,16663.49
2022-11-15 01:40:00,2022-11-15 05:40:00,16664.57,16894.56,16637.31,16697.21
2022-11-15 05:40:00,2022-11-15 09:40:00,16697.21,16989.0,16638.59,16777.0
2022-11-15 09:40:00,2022-11-15 13:40:00,16777.0,17134.69,16708.31,16994.93
2022-11-15 13:40:00,2022-11-15 17:40:00,16993.12,17088.0,16815.08,17041.45
2022-11-15 17:40:00,2022-11-15 21:40:00,17040.35,17052.82,16614.61,16875.18
2022-11-15 21:40:00,2022-11-16 01:40:00,16874.06,16935.39,16765.64,16833.27
2022-11-16 01:40:00,2022-11-16 05:40:00,16833.27,17015.92,16802.15,16927.55
2022-11-16 09:40:00,2022-11-16 13:40:00,16742.97,16779.0,16511.0,16579.51
2022-11-16 13:40:00,2022-11-16 17:40:00,16580.08,16647.78,16378.61,16552.69
2022-11-16 17:40:00,2022-11-16 21:40:00,16552.69,16643.23,16452.07,16560.0
2022-11-16 21:40:00,2022-11-17 01:40:00,16559.2,16773.09,16499.46,16716.47
2022-11-17 01:40:00,2022-11-17 05:40:00,16716.46,16728.0,16410.74,16566.34
2022-11-20 21:40:00,2022-11-21 01:40:00,16441.56,16463.31,16123.01,16228.56
2022-11-21 01:40:00,2022-11-21 05:40:00,16228.56,16319.0,15897.15,16202.86
2022-11-21 13:40:00,2022-11-21 17:40:00,16190.95,16250.0,15906.52,16054.26
2022-11-21 17:40:00,2022-11-21 21:40:00,16054.99,16063.77,15589.68,15797.4
2022-11-21 21:40:00,2022-11-22 01:40:00,15798.91,15967.76,15476.0,15832.99
2022-11-22 01:40:00,2022-11-22 05:40:00,15832.99,15927.37,15770.01,15844.87
